{
  "events": [
    {
      "title": "First Event",
      "location": "London",
      "time": "28.10.1990",
      "lat": 30,
      "lon": 30,
      "url": "http://localhost:3000/events-first",
      "member": [
        {
          "name": "First Name",
          "gender": "male",
          "date": "28.10.1990",
          "info": "This is some text about the user",
          "url": "http://localhost:3000/members-first"
        },
        {
          "name": "Second Name",
          "gender": "male",
          "date": "28.10.1990",
          "info": "This is some text about the user",
          "url": "http://localhost:3000/members-second"
        }
      ]
    },
    {
      "title": "Second Event",
      "location": "Valencia",
      "time": "28.10.1990",
      "lat": 30,
      "lon": 30,
      "url": "http://localhost:3000/events-first",
      "member": [
        {
          "name": "First Name",
          "gender": "male",
          "date": "28.10.1990",
          "info": "This is some text about the user",
          "url": "http://localhost:3000/members-first"
        },
        {
          "name": "Second Name",
          "gender": "male",
          "date": "28.10.1990",
          "info": "This is some text about the user",
          "url": "http://localhost:3000/members-second"
        }
      ]
    },
    {
      "title": "Third Event",
      "location": "Milano",
      "time": "28.10.1990",
      "lat": 30,
      "lon": 30,
      "url": "http://localhost:3000/events-first",
      "member": [
        {
          "name": "Second Name",
          "gender": "male",
          "date": "28.10.1990",
          "info": "This is some text about the user",
          "url": "http://localhost:3000/members-second"
        },
        {
          "name": "Third Name",
          "gender": "male",
          "date": "28.10.1990",
          "info": "This is some text about the user",
          "url": "http://localhost:3000/members-third"
        }
      ]
    },
    {
      "title": "Fourth Event",
      "location": "Sao Paolo",
      "time": "28.10.1990",
      "lat": 30,
      "lon": 30,
      "url": "http://localhost:3000/events-first",
      "member": [
        {
          "name": "First Name",
          "gender": "male",
          "date": "28.10.1990",
          "info": "This is some text about the user",
          "url": "http://localhost:3000/members-first"
        },
        {
          "name": "Second Name",
          "gender": "male",
          "date": "28.10.1990",
          "info": "This is some text about the user",
          "url": "http://localhost:3000/members-second"
        }
      ]
    },
    {
      "title": "Fifth Event",
      "location": "New York",
      "time": "28.10.1990",
      "lat": 30,
      "lon": 30,
      "url": "http://localhost:3000/events-first",
      "member": [
        {
          "name": "First Name",
          "gender": "male",
          "date": "28.10.1990",
          "info": "This is some text about the user",
          "url": "http://localhost:3000/members-first"
        },
        {
          "name": "Second Name",
          "gender": "male",
          "date": "28.10.1990",
          "info": "This is some text about the user",
          "url": "http://localhost:3000/members-second"
        }
      ]
    },
    {
      "title": "Sixth Event",
      "location": "Cape Town",
      "time": "28.10.1990",
      "lat": 30,
      "lon": 30,
      "url": "http://localhost:3000/events-first",
      "member": [
        {
          "name": "First Name",
          "gender": "male",
          "date": "28.10.1990",
          "info": "This is some text about the user",
          "url": "http://localhost:3000/members-first"
        },
        {
          "name": "Second Name",
          "gender": "male",
          "date": "28.10.1990",
          "info": "This is some text about the user",
          "url": "http://localhost:3000/members-second"
        },
        {
          "name": "Third Name",
          "gender": "male",
          "date": "28.10.1990",
          "info": "This is some text about the user",
          "url": "http://localhost:3000/members-third"
        },
        {
          "name": "Fourth Name",
          "gender": "male",
          "date": "28.10.1990",
          "info": "This is some text about the user",
          "url": "http://localhost:3000/members-fourth"
        },
        {
          "name": "Second Name",
          "gender": "male",
          "date": "28.10.1990",
          "info": "This is some text about the user",
          "url": "http://localhost:3000/members-second"
        },
        {
          "name": "Third Name",
          "gender": "male",
          "date": "28.10.1990",
          "info": "This is some text about the user",
          "url": "http://localhost:3000/members-third"
        },
        {
          "name": "Fourth Name",
          "gender": "male",
          "date": "28.10.1990",
          "info": "This is some text about the user",
          "url": "http://localhost:3000/members-fourth"
        },
        {
          "name": "Second Name",
          "gender": "male",
          "date": "28.10.1990",
          "info": "This is some text about the user",
          "url": "http://localhost:3000/members-second"
        }
      ]
    }
  ],
  "events-create": {
    "location": "Barcelona",
    "time": "May 31, 2019",
    "title": "Mike’s Event",
    "url": "http://localhost:3000/events-first"
  },
  "members-first": {
    "info": "",
    "name": "",
    "url": "http://localhost:3000/members-first",
    "gender": "",
    "date": ""
  },
  "members-second": {
    "info": "Hello",
    "url": "http://localhost:3000/members-second",
    "name": ";sldajdf",
    "gender": "dad;sk",
    "date": "Jan 28, 2019"
  },
  "members-third": {
    "info": "Hello Michael",
    "gender": "male",
    "name": "Michael",
    "url": "http://localhost:3000/members-third",
    "date": "Jul 28, 2019"
  },
  "members-fourth": {
    "info": "Hello",
    "name": "Miles",
    "gender": "male",
    "date": "Jun 28, 2019",
    "url": "http://localhost:3000/members-fourth"
  },
  "events-first": {},
  "events-second": {
    "title": "Second Event",
    "location": "Valencia",
    "time": "28.10.1990",
    "lat": 30,
    "lon": 30,
    "url": "http://localhost:3000/events-first",
    "member": [
      {
        "name": "First Name",
        "gender": "male",
        "date": "28.10.1990",
        "info": "This is some text about the user",
        "url": "members-firstMember"
      },
      {
        "name": "Second Name",
        "gender": "male",
        "date": "28.10.1990",
        "info": "This is some text about the user",
        "url": "members-secondMember"
      }
    ]
  },
  "events-third": {
    "title": "Third Event",
    "location": "Milano",
    "time": "28.10.1990",
    "lat": 30,
    "lon": 30,
    "url": "http://localhost:3000/events-first",
    "member": [
      {
        "name": "Second Name",
        "gender": "male",
        "date": "28.10.1990",
        "info": "This is some text about the user",
        "url": "members-firstMember"
      },
      {
        "name": "Third Name",
        "gender": "male",
        "date": "28.10.1990",
        "info": "This is some text about the user",
        "url": "members-secondMember"
      }
    ]
  },
  "members-create": {
    "url": "http://localhost:3000/members-first",
    "date": "Nov 28, 2019",
    "gender": "male",
    "name": "Mike",
    "info": "Hello"
  },
  "members": [
    {
      "name": "First Name",
      "gender": "male",
      "date": "28.10.1990",
      "info": "This is some text about the user",
      "url": "http://localhost:3000/members-first"
    },
    {
      "name": "Second Name",
      "gender": "male",
      "date": "28.10.1990",
      "info": "This is some text about the user",
      "url": "http://localhost:3000/members-second"
    },
    {
      "name": "Third Name",
      "gender": "male",
      "date": "28.10.1990",
      "info": "This is some text about the user",
      "url": "http://localhost:3000/members-third"
    },
    {
      "name": "Fourth Name",
      "gender": "male",
      "date": "28.10.1990",
      "info": "This is some text about the user",
      "url": "http://localhost:3000/members-fourth"
    },
    {
      "name": "First Name",
      "gender": "male",
      "date": "28.10.1990",
      "info": "This is some text about the user",
      "url": "http://localhost:3000/members-first"
    },
    {
      "name": "Second Name",
      "gender": "male",
      "date": "28.10.1990",
      "info": "This is some text about the user",
      "url": "http://localhost:3000/members-second"
    },
    {
      "name": "Third Name",
      "gender": "male",
      "date": "28.10.1990",
      "info": "This is some text about the user",
      "url": "http://localhost:3000/members-third"
    },
    {
      "name": "Fourth Name",
      "gender": "male",
      "date": "28.10.1990",
      "info": "This is some text about the user",
      "url": "http://localhost:3000/members-fourth"
    },
    {
      "name": "First Name",
      "gender": "male",
      "date": "28.10.1990",
      "info": "This is some text about the user",
      "url": "http://localhost:3000/members-first"
    }
  ]
}